,BMU,Udist,Ret_x,Ret_y,Cub_x,Cub_y,Cub_z,B_AGB,B_AGP,B_AKL,B_ALA,B_AMS,B_ANK,B_ASM,B_ATH,B_ATL,B_AUS,B_BCN,B_BEG,B_BER,B_BHX,B_BIO,B_BJS,B_BKK,B_BLQ,B_BOM,B_BOS,B_BRE,B_BRU,B_BSL,B_BTS,B_BUD,B_BUE,B_BUH,B_BYU,B_CAI,B_CCS,B_CGN,B_CHI,B_CLT,B_CMB,B_CPH,B_CPT,B_DEL,B_DEN,B_DFW,B_DNK,B_DOH,B_DRS,B_DTM,B_DTT,B_DUB,B_DUR,B_DUS,B_DXB,B_EDI,B_ERF,B_FDH,B_FLR,B_FMO,B_FRA,B_FUK,B_GDN,B_GOA,B_GOJ,B_GOT,B_GRZ,B_GVA,B_HAJ,B_HAM,B_HEL,B_HKG,B_HKT,B_HOQ,B_HOU,B_IEV,B_INN,B_IST,B_IZM,B_JED,B_JKT,B_JNB,B_KLU,B_KMI,B_KMQ,B_KRK,B_KTW,B_KUL,B_LAS,B_LAX,B_LCA,B_LED,B_LEJ,B_LIS,B_LJU,B_LNZ,B_LON,B_LUX,B_LYS,B_MAD,B_MAN,B_MEL,B_MEX,B_MHG,B_MIA,B_MIL,B_MLA,B_MMA,B_MNL,B_MOW,B_MRS,B_MSP,B_MSY,B_MUC,B_NAP,B_NBO,B_NCE,B_NGO,B_NGS,B_NUE,B_NYC,B_OPO,B_ORL,B_OSA,B_OSL,B_PAD,B_PAR,B_PDX,B_PHL,B_PHX,B_PIT,B_PMI,B_POZ,B_PRG,B_RIO,B_RIX,B_ROM,B_RUH,B_SAN,B_SAO,B_SCL,B_SCN,B_SDL,B_SEA,B_SEL,B_SFO,B_SHA,B_SIN,B_SJC,B_SJJ,B_SKG,B_SOF,B_SSA,B_STO,B_STR,B_SYD,B_SZG,B_THR,B_TIP,B_TLS,B_TLV,B_TPE,B_TRN,B_TRS,B_TSR,B_TYO,B_VCE,B_VIE,B_VLC,B_VNO,B_VRN,B_WAS,B_WAW,B_WRO,B_YMQ,B_YOW,B_YTO,B_YVR,B_YYC,B_ZAG,B_ZRH,B_ZWS
1716902,1089,0.35277963,8,27,-5,-22,27,1.7e-05,8e-06,0.0,0.0,2.9e-05,0.0,0.0,0.297529,4e-06,0.0,3.458883,0.0,3.649664,1.903308,4e-06,4e-06,9e-06,2.182787,0.012196,0.148608,0.233951,2.761099,0.618703,0.0,15.245095,8e-06,0.001474,0.0,0.049151,0.0,4.726987,2.417117,0.678079,0.0,5.296549,0.0122,0.0,0.001853,0.0,0.0,0.0,1.577896,0.321555,0.012204,0.0,0.0,31.527154,0.185164,0.0,0.012196,0.297181,8e-06,0.024391,36.325336,4e-06,4e-06,0.0,0.0,0.467918,0.48234,0.341487,0.97307,4.239413,0.012208,0.297161,4e-06,0.012196,0.0,0.012196,0.0,0.049889,0.0,0.594305,0.012196,0.024391,0.0,0.0,0.0,0.148576,4e-06,0.048783,0.013306,0.172967,0.0,0.148944,1.001248,0.222158,3e-06,0.000372,3.029555,0.012196,0.321593,1.172588,0.791697,0.457924,0.048784,0.0,0.172981,3.47043,0.148576,8e-06,0.0,1.310821,0.012196,0.0,0.0,38.905954,0.012208,0.0,0.343726,0.012196,0.001105,0.335911,5.784923,4e-06,0.148944,0.000743,0.763458,4e-06,4.382258,0.0,0.726851,0.0,0.0,2.724466,0.0,0.744016,0.012212,0.0,0.457936,0.012196,0.0,0.048797,0.0,0.121958,0.0,4e-06,1.481936,1.516921,0.160771,0.195149,4e-06,0.148576,0.0,4e-06,0.0,0.963799,23.39353,5e-06,0.458661,0.0,0.0,0.0,0.445728,0.0,0.0,0.148576,0.0,0.518921,2.848667,7.679988,0.0,0.148576,0.109762,0.964209,2.165692,-1e-06,0.048812,4e-06,4.168238,2e-05,4e-06,0.000386,8.74036,2.663486
1717251,634,0.0,33,15,26,-41,15,0.004409,0.0,0.107419,0.000133,0.450972,0.000267,0.0,0.241111,0.004675,0.0,0.303637,0.0,0.220462,0.053844,0.0,7e-06,0.348267,3e-06,0.24071,-2e-06,0.058247,0.733581,1e-06,0.0,0.785201,0.004409,0.240975,0.0,0.000133,0.0,4.436839,0.700638,0.0,0.0,1.446431,0.0,0.000134,0.000136,0.0,0.0,0.0,0.059057,0.000269,0.000266,0.000268,0.0,1.609258,0.294553,0.0,0.0,0.000399,0.0,0.053844,7.166038,0.0,0.000133,0.004409,0.0,0.396998,0.000133,0.005076,0.246238,0.821336,0.000134,0.24111,0.004412,0.0,0.004675,0.000133,0.0,0.11276,0.0,0.0,0.000134,0.0,0.0,0.0,0.0,0.0,0.0,0.0,0.000134,0.249669,0.0,0.0,0.000266,0.0,0.48142,0.0,2.549772,0.0,0.004409,0.242309,0.000133,0.0,0.0,0.0,0.005376,0.254743,0.0,0.0,0.0,0.482089,1e-06,0.0,0.000133,5.540735,0.0,0.0,0.009086,0.0,0.0,0.004668,0.861464,0.0,0.000133,0.0,0.063459,0.008824,0.322608,0.0,0.0,0.0,0.0,0.053843,0.0,0.240977,0.0,0.000266,0.000532,0.0,0.0,0.001197,0.0,0.000268,0.0,0.0,0.0,0.967514,2e-06,0.963106,0.24071,0.004542,0.0,0.240714,0.0,0.4642,0.084433,0.000133,0.0,0.0,0.0,0.0,2e-06,0.0,1e-06,1e-06,0.0,0.240844,1e-05,3.840128,0.0,0.0,0.0,0.303373,0.240841,-1e-06,0.000266,0.0,0.0,0.000133,0.000133,0.008819,0.165802,0.0
1723185,188,0.27333862,27,4,25,-29,4,0.086671,0.0,0.0,0.0,1.137097,0.0,0.0,0.0,0.981083,0.964273,0.981083,0.017334,0.144549,0.017334,0.0,0.069336,0.0,0.017858,0.0,0.058816,-1e-06,1.23073,0.017335,0.0,3.5e-05,0.017858,0.832046,0.0,0.017335,0.0,0.035719,2.998931,0.018381,0.0,0.121886,0.0,0.0,8.583897,0.017334,0.0,0.0,0.0,0.0,0.0,0.000529,0.000524,0.191237,6e-06,0.000524,0.0,0.0,0.0,5e-06,13.284496,0.0,0.0,0.017334,0.0,0.017922,0.0,0.008381,6.1e-05,0.017865,2e-06,4.74994,0.000523,0.0,0.017334,0.0,0.0,0.020476,0.0,0.0,0.017334,0.034667,0.0,0.0,0.0,6e-06,0.0,0.0,0.964272,2.950063,0.0,0.0,0.017334,0.0,0.658904,0.0,1.242184,0.0,0.087194,0.017335,0.017334,0.001047,0.002094,0.0,0.966367,0.034669,0.0,0.0,0.0,-3e-06,0.001047,0.000524,1.893883,7.403467,0.0,0.0,0.981089,0.0,0.0,-7e-06,1.966372,0.0,0.964273,0.000528,1e-06,0.0,0.261064,0.002617,0.963767,0.001058,0.0,0.0,0.0,0.017368,0.000524,0.0,0.017858,6e-06,0.0021,1.913305,0.0,0.0,0.0,2.017869,0.0,20.058747,0.000523,8.535597,1.914352,2.9e-05,0.0,0.034669,0.0,0.053131,3e-06,0.020475,0.0,0.0,0.0,0.0,9.587592,0.946939,0.0,0.0,0.017334,1.89493,0.000523,1.163239,0.0,0.0,0.0,1.99893,0.034725,-1e-06,0.017858,0.0,5.696885,0.036238,0.0,2e-06,1.576214,0.0
1738392,399,0.14135255,38,9,34,-43,9,0.0,0.132076,0.0,0.988482,1.848176,7e-06,0.0,1.188705,0.000328,0.0,0.264171,3e-06,7.06935,0.000327,0.0,0.132407,0.989802,0.0,0.0,0.528313,0.000173,0.002962,0.002293,0.0,0.591954,0.132091,0.724342,0.0,0.264158,0.0,0.267606,0.136666,0.0,0.0,1.010846,0.13208,0.000981,0.132084,0.0,0.000655,0.0,0.146188,0.132076,0.000655,0.0,0.0,31.390721,0.13339,0.0,0.0,0.000995,0.0,0.132732,37.355314,0.0,7e-06,0.0,0.0,0.010842,0.591932,2.50537,0.592275,2.443245,0.000982,0.856103,4e-06,0.005893,0.0,0.724006,0.0,0.724679,0.0,0.0,0.592588,1.184188,0.0,0.0,0.0,0.0,0.0,0.0,2e-06,8e-06,0.0,7e-06,0.135033,0.724005,0.000326,0.591925,28.663422,7e-06,0.0,0.132088,0.000328,0.132076,0.132405,0.0,1.448905,1.453177,0.0,0.0,0.000327,7.104938,0.0,0.0,0.0,17.941821,0.0,0.0,1.120573,0.0,0.0,0.132114,0.927597,0.0,0.0,0.000327,0.132426,4e-06,0.399273,0.0,0.132076,0.0,0.0,4e-06,0.0,0.133724,0.132076,3e-06,0.000331,0.0,0.0,1.059569,3e-06,7e-06,0.0,0.0,0.0,0.264156,0.132403,4.016927,0.0,4e-06,0.0,0.132077,0.0,1.056612,0.011199,0.591929,0.001321,0.591925,0.0,0.0,0.132076,0.0,1.5e-05,0.0,0.0,1.385379,0.132404,30.295643,0.0,0.0,0.000328,1.216942,0.001644,-1e-06,0.132076,0.000327,0.132076,0.0,4e-06,-1e-06,3.630429,0.0
1749270,669,0.0894888,28,16,20,-36,16,0.936924,0.0,7e-06,0.0,0.010733,0.0,0.0,0.0,0.947333,0.936611,3.769463,0.0,1.042899,0.94733,0.0,0.010404,0.021496,0.0,0.0,3e-06,0.950788,0.036278,1e-06,0.0,0.010404,0.0,2e-06,0.0,0.0,0.0,1.029932,3.882698,0.0,0.0,0.252556,0.01072,4e-06,0.011036,0.000314,0.0,0.0,0.01041,4e-06,0.104363,0.0,0.010405,1.121961,4e-06,0.0,0.0,0.010405,0.010405,0.010719,29.701982,0.0,0.0,0.010405,0.0,0.95742,0.0,0.000644,4.898394,0.073202,0.011666,0.0,0.010405,0.0,0.0,0.0,0.0,0.020812,0.0,0.0,0.0,1.966866,0.0,0.0,0.010405,0.0,0.0,0.0,0.010725,0.968514,0.0,0.0,3e-06,0.0,0.000315,0.0,0.105425,0.0,0.000315,1.883979,0.052034,0.010405,3.746443,0.0,0.010718,0.041937,0.0,0.0,0.0,-3e-06,0.0,0.0,0.010719,23.818403,0.000314,0.0,0.947333,0.010404,0.0,0.228912,0.041981,0.0,0.0,0.0,0.001271,0.93724,0.066861,0.0,0.010405,4e-06,0.011033,0.0,0.0,0.114456,1.873222,0.0,0.000642,0.0,0.0,0.999047,0.0,0.0,0.0,3e-06,4e-06,0.969117,0.947017,0.062437,0.000314,0.0,0.0,0.0,0.0,0.08356,0.156391,3e-06,0.000315,0.0,0.0,0.0,0.0,0.0,0.0,0.0,0.0,0.228918,0.0,0.04363,0.936611,0.0,0.0,0.075751,0.0,-1e-06,0.0,0.0,3.756849,3e-06,4e-06,0.936612,0.368271,0.010405
1754817,467,0.18660356,26,11,21,-32,11,2.2e-05,0.0,3e-06,0.0013,0.261746,0.000324,0.00486,0.0,0.141442,7e-06,1.7e-05,0.0,3.481076,7e-06,0.0,0.0,2.092212,7e-06,0.0,0.759719,1.1e-05,0.021813,1e-06,0.0,0.000324,3e-06,6e-06,0.0,0.000323,0.0,0.748992,6.535272,2.9e-05,0.0,0.544956,0.0,0.000324,1.130411,0.010728,0.0,0.0,0.0,0.0,0.001951,4e-06,0.010729,0.990502,4e-06,3e-06,0.0,5e-06,0.000325,0.130705,22.476452,0.0,0.0,4e-06,0.0,1e-05,0.0,0.565389,1.480983,0.664247,0.021456,0.130706,0.010729,0.0,1.5e-05,0.0,0.0,0.000651,0.0,0.0,0.0,0.003894,0.0,0.0,0.0,0.0,0.0,0.0,0.141778,4.65047,0.0,0.0,0.130706,0.0,3e-06,0.0,0.677051,0.0,4e-06,1.5e-05,0.914915,0.011056,0.000677,0.0,0.010757,0.392119,0.0,0.0,0.000324,-3e-06,7e-06,4e-06,0.141442,6.380656,0.0,0.000648,1.1e-05,0.000324,0.0,2.744748,2.134919,0.0,7e-06,0.131361,0.392107,0.010733,0.523845,0.032193,0.392117,0.402839,0.0,0.0,0.0,0.000324,0.000335,0.0,0.010732,0.0,0.130716,4.8e-05,0.0,0.0,0.0,1.413895,0.58577,13.070363,7e-06,0.404463,0.01106,0.0,0.0,0.0,0.0,0.523479,0.001942,2.1e-05,0.0,0.0,0.0,0.0,0.010739,4e-06,0.0,0.0,0.0,1.567544,0.0,0.445771,4e-06,1.4e-05,0.0,3.779831,0.0,-1e-06,1.1e-05,0.000648,0.393432,0.59683,0.585766,0.000328,0.347574,0.0
1755959,555,0.04048249,34,13,28,-41,13,0.0,0.0,0.014004,0.000423,0.099312,0.170611,0.0,0.262921,0.085517,0.0,0.014012,3e-06,0.958443,0.630331,0.0,0.0,1.267874,3e-06,0.007002,0.000427,0.092417,0.318947,1e-06,0.0,0.821963,2e-06,0.007431,0.0,0.085306,0.0,1.285412,0.178049,0.0,0.0,2.289076,0.0,0.0,0.085517,0.0,0.0,0.0,0.525852,3e-06,0.000423,7e-06,0.0,1.580182,0.014216,0.0,0.0,0.01401,0.0,0.630543,5.806912,0.0,0.007004,2e-06,0.0,0.092311,0.085306,0.25592,1.615897,2.804893,2e-06,0.341222,7e-06,0.0,0.085728,0.085517,0.0,1.772488,0.0,0.0,0.085306,0.0,0.0,0.0,0.0,0.0,0.0,0.0,0.085304,0.255919,0.0,0.0,0.014219,0.0,0.014006,0.0,1.597157,0.0,3e-06,0.007007,3e-06,0.0,0.0,0.0,0.197132,0.263141,0.0,0.0,0.0,0.440531,2e-06,0.0,2e-06,12.65796,0.0,0.0,0.000855,0.0,0.0,0.000221,0.801375,0.0,0.000212,0.0,0.672346,5e-06,0.362254,0.0,0.000211,0.0,0.0,0.715632,0.0,0.014011,0.0,0.085308,0.0,0.0,0.0,0.085321,0.0,0.17061,0.0,0.0,0.0,0.51226,0.0,0.341652,0.085306,0.170611,0.0,0.007221,0.0,0.717333,1.12301,0.0,0.0,0.0,0.0,0.0,0.000211,0.0,3e-06,2e-06,0.0,0.170612,1.6e-05,1.216771,0.0,0.0,3e-06,0.36392,0.092308,-1e-06,0.000423,0.0,0.000211,0.000211,0.007002,0.170611,0.653489,0.0
1765042,753,0.05429831,32,18,23,-41,18,0.304815,0.0,0.000337,0.0,0.311571,0.0,0.0,0.00558,0.304646,2e-06,1.22484,0.0,3.784794,0.000173,0.0,0.028067,0.00693,0.005579,0.00558,-2e-06,0.000845,0.915951,1e-06,0.0,0.665425,0.304644,0.005581,0.0,0.0,0.0,3.757226,0.762664,0.0,0.0,0.406643,0.0,0.304643,0.011159,0.0,0.0,0.0,0.079639,0.317489,0.0,0.000337,0.0,33.41778,0.005748,0.0,0.000169,0.000168,0.0,0.00017,36.766721,0.0,0.0,0.067975,0.0,0.005752,0.0,0.914269,1.687235,4.310884,0.304815,0.005749,0.067975,0.0,0.0,0.0,0.0,0.304817,0.0,0.0,0.0,4e-06,0.0,0.0,2e-06,0.0,0.0,0.000168,0.005578,0.028407,0.0,0.0,0.002358,0.0,0.011158,0.0,10.819106,0.0,0.304644,3.362921,0.000171,0.0,7e-06,0.0,0.304982,0.344713,0.0,0.0,0.0,0.011165,0.0,0.0,0.000168,46.571075,0.0,0.0,0.67777,0.0,0.0,0.068315,2.147883,0.0,0.0,0.0,0.913934,0.631609,2.749567,0.0,0.0,0.0,0.000339,2e-06,0.0,0.310222,4e-06,0.000169,1.21925,0.0,0.0,0.610301,0.0,0.0,0.0,0.0,0.0,0.000677,0.011161,0.006423,0.000169,0.0,0.0,0.00558,0.0,0.818969,2.437846,0.304644,0.0,0.0,0.0,0.0,0.00558,0.0,0.0,0.0,0.0,0.000188,0.0,11.770741,2e-06,0.0,0.0,0.001188,0.005576,-1e-06,0.000168,0.0,0.000344,0.0,0.0,2e-06,3.460718,0.000339
1766236,953,0.15821648,32,23,21,-44,23,8e-06,0.000334,0.0,0.0,1.369632,0.0,0.0,0.585848,0.000324,0.0,0.261812,0.0,18.353647,7e-06,0.130576,0.196191,0.784441,0.010719,0.0,1.3e-05,1.615724,5.856213,1e-06,0.0,0.205615,3e-06,2e-06,0.0,0.0,0.0,6.719949,0.285545,3e-06,0.0,0.028233,0.0,0.000324,0.152013,0.0,0.0,0.0,3.612022,5.513053,0.0,4e-06,0.0,9.130599,4e-06,0.5852,0.130608,0.0,0.5852,2.994862,25.382523,0.0,0.0,0.0,0.0,0.000647,0.0,0.001036,6.550762,9.353947,0.716098,0.011042,0.0,0.0,0.0,0.0,0.000324,0.000648,0.0,0.0,0.0,0.130579,0.0,0.0,0.0,0.0,0.0,0.130899,0.011044,0.314743,0.0,0.0,4.62719,1.18112,0.0,0.000323,9.445201,4e-06,1.5e-05,0.547307,0.0,0.130576,5e-06,0.0,3e-06,0.065609,0.0,0.0,0.0,0.002265,4e-06,0.0,0.0,24.797939,0.0,0.0,0.131562,0.0,0.0,10.281463,2.874333,0.0,0.0,0.130578,0.000332,0.076683,1.384605,0.0,0.0,0.0,1.1e-05,0.000324,0.0,0.130898,0.0,0.0,0.847977,0.0,0.0,0.000648,0.0,0.0,0.0,0.0,0.000323,0.392063,0.032813,0.534326,0.0,0.0,0.010718,0.0,0.0,0.001627,0.262473,0.000323,0.0,0.0,0.0,0.0,0.010718,0.0,0.0,0.0,0.0,0.000325,1.1704,1.730934,0.0,0.0,0.000323,0.000676,0.000326,-1e-06,0.715776,0.0,0.846677,0.0,0.0,-1e-06,0.017246,0.261151
1794661,1029,0.2013956,28,25,16,-41,25,6e-06,0.174277,0.0,5e-06,1.580346,0.0,0.0,0.188587,0.0,0.0,0.797097,0.0,28.609244,0.02861,0.014737,1.478608,0.526302,0.000864,0.0,0.014319,1.562552,1.74294,1.562543,0.0,0.014339,0.0,2e-06,0.0,0.0,0.0,4.400973,2.119397,0.781918,0.0,4.563433,0.0,0.000433,0.014751,0.0,5e-06,0.0,1.623241,0.0876,0.0,0.781055,0.0,14.484967,0.0,0.781059,0.0,0.0,0.000437,0.014777,58.265293,0.0,0.0,0.0,0.0,0.782062,0.000432,0.000449,1.619823,7.077954,0.016483,0.17514,0.0,0.0,0.0,0.0,0.174277,0.014305,0.0,0.0,0.0,0.042917,0.0,0.0,0.0,0.0,0.0,0.31906,0.174277,0.014739,0.0,0.0,1.108954,0.000445,0.0,0.174277,24.682785,5e-06,5.469974,0.015616,0.78235,0.014306,0.0,0.781054,0.000431,0.393201,0.005616,0.0,0.0,1.041158,0.0,0.0,0.0,4.393478,0.0,0.0,0.029048,0.014737,0.0,4.09463,0.819647,0.001296,0.0,0.02861,0.782352,2.5e-05,13.688067,0.0,0.0,0.0,1.4e-05,0.174277,0.0,1.577283,0.0,0.0,0.015616,0.0,0.000869,0.014307,0.0,0.0,0.0,0.000436,0.174277,0.07289,1.130064,0.782938,0.0,0.0,0.0,0.000433,0.0,2.402574,2.57812,0.0,0.0,0.0,0.0,0.0,4e-06,0.0,0.0,4.3e-05,0.0,0.191248,1e-05,4.91931,0.0,0.014311,0.0,0.365053,2.371787,-1e-06,0.000437,0.0,0.203781,5e-06,0.0,3.124219,0.941472,0.000864
1796744,924,0.14660084,3,23,-8,-15,23,0.008476,7e-06,0.0,0.0,0.235747,0.0,0.0,0.353475,0.0,0.0,2.822994,0.0,9.556233,0.000295,0.0,0.118315,0.235462,0.119777,0.0,0.706368,0.238082,0.001756,0.353186,0.0,0.235476,0.0,0.001461,0.0,0.11802,0.0,24.39096,0.706973,0.0,0.0,6.340165,0.527623,0.117728,0.001459,0.0,0.0,0.0,0.120937,0.000885,0.117728,0.000292,0.0,40.821917,0.000292,0.117728,0.000292,0.0,0.0,0.528204,37.234068,0.0,0.0,0.0,0.0,0.004088,0.000875,0.471498,4.457877,8.368223,0.528204,0.47121,0.0,0.0,0.0,0.0,0.0,0.001459,0.000583,0.0,6e-06,0.117732,0.117728,0.0,0.0,0.0,0.000302,0.0,0.001168,0.117728,0.0,0.000292,0.942416,0.471504,0.0,0.000587,30.521184,0.117728,0.0,0.353767,0.470918,0.0,0.0,0.0,0.118027,1.237499,0.0,0.0,3e-06,0.11921,0.0,0.000292,0.0,66.685548,3e-06,0.0,0.471209,0.0,0.000876,1.118603,3.466804,0.117731,0.000292,0.000583,0.002338,0.0,3.002903,0.0,0.52762,0.117727,0.0,0.118312,0.0,0.35407,0.0,0.0,0.470912,0.235462,0.0,0.000292,0.0,0.002627,0.0,0.0,0.001466,0.354061,0.236334,0.11773,0.0,0.0,0.52762,0.0,0.0,1.701184,3.948852,0.117727,0.000584,0.0,0.0,0.0,0.117728,0.0,0.0,0.117728,0.0,1.883647,0.119187,9.925545,0.0,0.0,0.1294,0.354067,0.236929,-1e-06,0.0,0.0,0.645361,1e-05,0.645367,0.000583,9.451707,0.0
1814661,17,0.10123946,16,0,16,-16,0,0.0,0.000324,0.053701,0.0,1.980775,0.0,0.0,5.83302,0.0,0.000324,1.031601,0.0,9.939454,0.977875,0.0,0.00098,3.883141,0.032224,0.0,0.160382,0.967139,1.96777,7.820963,0.0,0.032548,0.064456,0.00065,0.0,7.734394,0.0,9.917609,1.058575,0.988928,0.0,1.143835,0.032559,0.0,0.96778,0.000325,0.0,0.0,5.816421,0.01074,0.010741,0.000324,4e-06,15.657549,0.000346,0.000324,0.0,0.0,0.000328,0.013357,77.944647,0.0,0.0,0.0,0.0,0.021481,2.9219,0.090167,22.269771,24.24777,0.045886,0.978517,0.000328,0.0,0.0,0.0,0.000656,0.043284,0.0,0.0,0.000325,0.027035,0.0,0.0,0.0,0.01074,0.000324,0.0,7e-06,8.763662,0.0,0.0,0.010744,0.054647,0.032222,1.933938,12.181516,0.0,0.988614,0.118797,0.0,7e-06,0.032225,0.0,2.900408,0.076492,0.0,0.0,0.000325,0.011713,0.0,0.0,0.0,124.947096,0.0,0.0,0.053715,0.0,0.0,4.834015,4.129839,7e-06,0.967124,0.000648,0.022786,4.984369,6.222358,0.0,0.988929,0.011721,0.966799,0.0,0.0,0.011065,0.01074,0.0,0.010743,0.0,2.9235,0.022455,0.010751,1.933599,0.0,0.033517,0.002595,16.51856,3.868494,1.086573,0.000973,0.0,0.0,0.193648,0.0,0.060194,8.719194,0.977543,0.000328,0.0,0.0,12.600611,0.043285,0.968745,1.955403,0.0,0.0,0.069002,3.029294,7.085275,0.010744,0.0,0.966804,1.013655,0.033193,-1e-06,0.032545,0.01074,0.033205,0.0,0.0,0.010739,29.127125,7.734398
1824782,560,0.23050207,39,13,33,-46,13,0.001471,4e-06,0.0,1.6e-05,0.173234,0.0,0.0,1.336206,0.0,0.0,1.996162,0.0,4.642311,0.000373,0.0,0.148468,0.532209,0.172841,0.0,0.14848,0.012181,1.331135,1e-06,0.0,8e-06,0.665388,6e-06,0.0,0.772224,0.0,0.647727,0.29767,0.012187,0.0,1.404653,0.160654,0.001105,5e-06,0.0,0.0,0.0,0.347853,0.148467,0.0,0.000368,0.0,4.463421,4e-06,0.0,0.0,0.024376,0.0,0.001113,22.851643,0.0,0.012187,0.0,0.0,0.012187,4e-06,0.671294,0.00112,1.422505,0.024374,1.491432,0.296934,0.0,0.0,8e-06,0.0,0.677588,0.0,0.0,5e-06,0.000375,0.0,0.0,0.0,0.000368,0.000368,0.0,-2e-06,0.0,0.0,0.012187,0.049121,0.148474,0.000367,4e-06,4.552183,0.0,0.0,0.665388,0.0,0.148467,0.158403,0.0,1.083586,2.740104,0.0,0.0,0.000368,0.665431,0.148467,0.0,0.0,15.587504,0.0,0.0,2.144639,0.0,0.0,5.988463,1.641023,0.0,0.0,0.000368,0.221962,0.0,12.667788,0.0,0.012191,0.0,0.0,4e-06,0.0,0.024377,0.148467,0.0,0.000369,0.0,0.0,1.756719,0.665384,0.0,0.0,0.0,0.012187,0.296943,0.012191,0.482002,0.0,0.0,0.0,0.445406,0.0,0.012223,0.173948,5e-06,0.0,4e-06,0.0,0.0,4e-06,0.0,2.834378,0.000368,0.0,0.96308,0.002948,1.510843,0.0,0.0,0.148467,0.17692,0.0,-1e-06,0.148467,0.000368,4e-06,0.0,0.012187,-1e-06,1.803918,0.0
1835867,912,0.11715617,31,22,20,-42,22,0.010608,0.010298,0.0,0.0,4.676044,0.0,0.0,0.020599,0.010297,0.0,0.968788,0.0,4.228292,0.000622,0.010298,0.969722,5.613303,0.000311,0.0,0.00031,0.051515,0.11487,6e-06,0.0,0.013098,0.000311,2e-06,0.0,0.0,0.0,1.507136,0.136369,3e-06,0.0,0.135521,0.0,0.010297,0.010919,0.0,0.0,0.0,1.02059,2.977193,0.0,4e-06,0.0,2.686803,0.0,0.010301,0.010298,0.0,0.010298,0.051514,62.790555,0.0,0.0,0.0,0.0,4e-06,0.0,0.041503,1.321128,2.185242,0.031209,0.010608,0.0,0.0,0.0,0.0,0.010298,0.010301,0.0,0.0,0.0,0.010919,0.0,0.0,3e-06,0.0,0.0,0.940377,0.01061,0.938824,0.0,0.0,13.111772,0.020602,0.0,0.010298,3.318386,0.0,0.000335,2.904795,7e-06,0.010298,0.0,4e-06,0.000311,0.043682,0.0,0.0,0.0,0.010318,0.0,0.0,0.0,14.935708,0.0,0.0,0.031211,0.000311,0.0,0.772696,20.446064,0.0,0.0,0.010609,0.010924,0.001876,4.749444,0.0,0.0,0.0,0.020599,0.010298,0.0,0.0206,0.0,0.0,1.009355,0.0,0.0,0.020905,0.0,0.0,0.0,0.0,0.010297,0.031208,0.021224,0.993425,0.0,0.0,4e-06,0.0,0.0,0.02155,0.971313,0.010298,0.0,0.0,0.0,0.0,0.000311,0.0,0.0,0.0,0.0,0.010647,0.020596,0.53675,0.0,0.000311,0.0,0.072409,0.000326,-1e-06,0.937267,0.0,1.875155,0.0,0.0,1.6e-05,0.043716,1.853942
1850517,625,0.21430281,24,15,17,-32,15,0.000369,0.0,0.012191,1.6e-05,0.172845,4e-06,6.1e-05,8e-06,0.000736,0.000368,0.164362,0.0,0.839339,0.297673,0.0,0.172845,1.68649,8e-06,0.0,0.160674,0.00479,0.843402,1e-06,0.0,0.14847,0.0,2e-06,0.0,1.7e-05,0.0,1.112263,4.376823,2.597068,0.0,2.138345,0.297302,4e-06,0.986692,4e-06,0.0,0.0,0.0,0.0,6.380311,0.160662,0.148467,1.584255,0.0,0.0,0.0,0.0,0.665381,0.000368,40.475441,0.0,0.0,0.0,0.0,0.445769,0.0,0.0244,7.886461,0.037676,0.149232,1.3e-05,0.0,0.0,0.024382,0.0,4e-06,0.714132,0.0,0.0,5e-06,6.137647,0.0,0.0,4e-06,0.0,0.0,0.0,0.726323,1.574921,2.1e-05,0.0,0.012186,0.012185,0.000371,0.0,2.106246,0.0,0.148835,0.013361,0.038037,0.665386,0.025853,0.0,0.012186,0.222701,0.0,0.0,4e-06,1e-05,4e-06,0.0,0.0,6.325653,0.000368,8e-06,0.000367,0.813848,0.0,0.007734,0.64926,0.0,4e-06,0.024383,0.334979,0.000735,1.089021,0.296933,0.172877,0.024373,4e-06,0.0,0.0,2.18661,0.00074,0.0,0.012191,8e-06,4e-06,0.024741,0.0,0.0,0.0,1.7e-05,0.012195,1.638111,0.148835,3.424781,4e-06,0.0,0.0,0.0,0.0,0.186159,4.004889,0.012186,0.036928,0.0,0.0,0.0,0.0,0.0,0.148467,0.0,0.0,7.428948,4e-06,0.246388,0.148835,0.048748,0.012191,1.869439,0.258152,-1e-06,4e-06,1.2e-05,0.323164,2e-05,4e-06,0.000372,4.655665,4e-06
1857244,548,0.070814796,27,13,21,-34,13,0.008442,0.0,9e-06,3e-06,0.017143,0.0,0.0,0.0,0.871296,0.008443,0.042217,0.0,1.415782,0.008698,0.0,0.000254,0.151973,0.0,0.0,0.103124,0.016885,0.231065,1e-06,0.0,0.000255,0.0,6e-06,0.0,0.0,0.0,0.223634,2.745057,1.8e-05,0.0,0.24052,0.000255,0.0,0.318032,0.102854,0.0,0.0,6e-06,0.0,0.051682,0.0,0.000258,1.405369,6e-06,0.0,0.0,0.008441,0.008443,0.008698,17.651477,0.0,0.0,3e-06,0.0,0.008953,0.0,0.017188,0.469224,1.545361,0.20571,0.000256,6e-06,0.0,1.2e-05,0.0,0.0,0.016887,0.0,0.0,0.0,0.092872,0.0,0.0,0.0,0.0,0.0,0.0,0.119751,0.8469,0.0,0.0,0.008443,0.0,0.0,0.0,0.171491,0.0,0.0,0.025328,3.065313,0.008446,0.033771,0.0,0.111303,2.28843,0.0,0.0,0.0,-3e-06,0.0,0.0,0.111552,6.432266,0.0,0.0,0.008446,0.008442,0.0,15.959925,2.37372,0.0,3e-06,0.000259,0.025328,0.111297,0.810911,9e-06,0.001026,0.008958,0.0,0.0,0.0,0.010993,0.016885,0.0,3e-06,0.0,0.000255,0.059101,0.0,0.0,0.0,0.104396,0.102857,1.377557,0.008697,0.819104,0.102854,0.0,0.0,0.0,0.0,1.528959,0.050661,0.0,0.0,0.0,0.0,0.0,3e-06,0.0,0.0,0.0,0.0,0.315721,0.0,0.239759,0.008443,1.2e-05,0.0,0.73406,0.0,-1e-06,6e-06,0.0,0.794282,0.10286,0.102854,0.008442,0.024318,0.0
1860607,1075,0.117273465,34,26,21,-47,26,0.088352,0.000728,0.0,0.0,0.983216,0.0,0.0,0.098093,0.0,0.0,0.016066,0.0,15.80439,0.008517,0.008032,0.462633,0.000501,5e-06,0.0,0.024098,2.43048,2.345471,1e-06,6e-06,0.05623,0.0,2e-06,0.0,0.0,0.0,11.664245,0.088604,0.000242,0.0,1.324908,0.0,0.0,0.008036,0.0,0.0,0.0,2.269432,1.589046,0.0,0.000243,0.0,34.910603,0.000243,0.09785,0.000989,0.0,0.098578,8.878594,25.96025,0.0,0.0,0.0,0.0,0.885101,3e-06,0.455115,5.840499,24.533487,0.098093,5e-06,0.0,0.0,0.0,3e-06,3e-06,0.000244,0.0,0.0,0.0,0.008275,0.0,0.0,0.0,0.0,0.0,3e-06,-2e-06,0.008034,0.0,0.0,3.495498,0.642266,0.008031,3e-06,3.785345,0.008032,0.000248,0.46264,0.0,0.008032,0.000242,0.0,3e-06,0.000487,0.0,0.0,0.0,0.017525,0.000245,0.0,0.0,85.994071,0.0,0.0,0.001219,0.0,0.0,1.163807,0.081111,0.008032,3e-06,0.008275,3e-06,3.599539,3.220173,0.0,0.0,0.0,0.008032,3e-06,1.3e-05,0.008038,0.0,0.0,0.098338,0.0,5e-06,1e-06,0.0,0.008397,0.0,0.0,0.0,0.05648,0.462631,0.032862,0.0,0.0,0.438534,0.0,0.0,0.885592,0.439314,0.0,5e-06,0.0,0.0,0.0,0.0,0.0,0.0,0.001698,0.0,-2e-06,0.1957,0.562475,0.0,0.0,0.438534,0.016065,0.01631,-1e-06,0.097853,0.0,0.097859,0.0,0.0,-1e-06,2.674064,6e-06
1867827,713,0.061935026,32,17,24,-41,17,0.460232,0.0,0.016859,0.0,0.214081,0.0,0.0,0.102689,0.102696,3e-06,1.237223,0.0,4.299382,0.000515,0.0,0.042149,0.103223,0.008429,0.10269,-2e-06,0.008697,1.107942,1e-06,0.0,1.288292,0.460226,0.102692,0.0,0.0,0.0,5.576494,0.547186,0.0,0.0,0.634533,0.0,0.10269,0.016858,0.0,0.0,0.0,0.127988,0.119829,0.0,0.000512,0.0,21.905575,0.11112,0.0,3e-06,0.000253,0.0,0.000511,38.896001,0.0,0.0,0.10269,0.0,0.102947,0.0,0.665612,1.842637,3.768985,0.102694,0.016857,0.10269,0.0,3e-06,0.0,0.0,0.103456,0.0,0.0,0.0,4e-06,0.0,0.0,0.0,0.0,0.0,3e-06,0.008428,0.050841,0.0,0.0,4e-05,0.0,0.205382,0.0,5.591183,0.0,0.460225,1.240981,0.000254,0.0,1e-05,0.0,0.460735,0.257241,0.0,0.0,0.0,0.205375,0.0,0.0,0.000254,44.039199,0.0,0.0,0.665868,0.0,0.0,0.103197,1.997644,0.0,0.0,0.0,1.023396,0.954172,2.466776,0.0,0.0,0.0,6e-06,0.000254,0.0,0.205379,5e-06,0.000254,0.410773,0.0,0.0,0.206912,0.0,0.0,0.0,0.0,0.0,0.033726,0.016861,0.04215,0.008429,3e-06,0.0,0.102691,0.0,0.616652,2.967286,0.10269,0.0,0.0,0.0,0.0,0.00843,0.0,0.0,3e-06,0.0,0.00843,2e-05,6.121582,3e-06,0.0,0.0,0.016877,0.102695,-1e-06,3e-06,0.0,1.6e-05,0.0,0.0,9e-06,4.163677,6e-06
1867833,565,0.32752547,4,14,-3,-11,14,1.7e-05,0.0,0.304487,0.0,0.165128,0.0,0.0,2.084277,0.0,0.0,3.339116,0.0,0.16927,0.0,0.0,0.0,1.675715,3.108511,2.199031,0.608934,0.152234,5.459231,0.012494,0.0,1.2e-05,0.000381,6e-06,0.0,5.937095,4e-06,0.156124,1.078531,0.152233,5e-06,0.001545,0.152233,0.001133,1.3e-05,0.0,0.0,0.0,0.318433,0.0,4e-06,4e-06,0.0,0.307178,0.152233,0.087473,0.0,0.0,0.682263,0.000382,43.541375,0.0,0.0,4e-06,0.0,0.0,8e-06,0.006417,0.000389,0.000585,0.304471,1.821983,0.152234,0.0,0.024992,0.0,0.0,0.98711,0.0,0.0,2.046791,0.000399,0.0,0.0,0.0,4e-06,8e-06,0.682262,2e-06,0.531676,0.0,0.152233,3.03389,0.152249,0.0,0.0,7.105107,0.0,0.0,0.012885,0.834495,0.0,0.469682,0.0,0.30447,3.947686,0.0,0.0,0.000386,0.012872,0.0,0.0,4e-06,4.232055,0.0,0.0,0.00114,0.000108,0.0,0.028393,0.318113,0.0,0.012496,0.000382,0.000389,0.0,1.562195,0.0,0.16473,0.0,0.0,0.0,0.0,0.15225,8e-06,0.0,0.152631,0.0,0.0,1.98281,0.000378,0.0,0.0,4e-06,0.986737,0.329475,1.51676,7.2185,0.0,0.0,0.0,0.0,0.0,0.164737,0.000397,0.304466,0.012496,0.0,0.0,0.0,4e-06,0.0,0.305976,0.0,0.0,0.001148,2.661683,0.683087,0.0,0.0,1.217996,0.320753,0.0,-1e-06,0.0,0.000382,0.83452,2.1e-05,3e-05,1.2e-05,0.611964,0.0
1870375,89,0.36739606,8,2,7,-9,2,0.0,0.003508,0.177323,0.0,0.808187,0.058078,0.0,0.793627,1e-05,0.0,0.854776,0.0,2.09606,0.0,0.000438,1.940133,0.490608,5e-06,0.043574,0.807264,0.000434,46.362709,0.028952,0.0,0.014963,0.029492,2e-06,0.0,0.000439,3.524745,7.524475,3.980492,0.0,0.0,5.231862,0.016312,0.029044,2.380866,0.0,0.0,0.205924,0.05984,1.5e-05,0.0,0.0,5e-06,5.769986,0.999104,5e-06,0.0,5e-06,0.004935,0.004408,74.998791,0.0,0.0,0.807261,0.0,0.792741,1.585483,1.154888,16.919033,35.790615,0.177324,0.838511,0.001754,0.0,5e-06,0.0,0.0,2.421807,0.0,0.0,0.01452,5.169455,0.0,0.0,0.0,0.0,0.0,0.0,0.00044,0.974901,0.0,0.0,0.014526,1.12017,0.0,0.0,9.745896,0.029054,0.01453,0.368765,5e-06,0.794495,3.522582,0.0,8.856175,0.796707,0.01452,0.0,0.0,0.176888,0.015396,0.0,0.000439,30.149596,0.795372,0.177323,0.016279,0.0,0.0,1.015231,19.561021,0.0,0.0,0.0,0.546488,0.000882,10.273631,0.0,5e-06,0.000439,0.0,1e-05,0.0,0.072604,0.0,0.0,2.153003,0.0,0.0,3.592115,3.965037,0.0,0.0,5e-06,1.953771,0.001322,1.585492,1.029046,0.0,0.0,0.0,0.176884,0.0,0.9987,3.258912,0.000876,0.131119,0.176885,0.0,0.0,0.0,0.0,3.170966,0.0,0.0,1.338507,0.000892,10.275005,0.970064,0.0,1.585482,4.686209,0.79274,-1e-06,1.338353,0.176885,1.146968,0.0,0.0,-1e-06,13.450836,0.000438
1883275,755,0.07732694,34,18,25,-43,18,0.51261,0.0,0.000567,0.0,0.133459,0.0,0.0,0.11438,0.009389,0.0,1.158661,0.0,4.092167,0.114666,0.0,0.571896,0.114403,0.114379,0.114379,-2e-06,0.001131,1.037441,1e-06,0.0,2.398046,0.512609,0.114376,0.0,0.0,0.0,5.756835,0.258056,0.0,0.0,0.829119,0.0,0.009389,0.228757,0.0,0.0,0.0,0.229899,0.354236,0.0,0.229041,0.0,17.827717,0.114662,0.0,0.001985,5e-06,0.0,0.000287,38.707838,0.0,3e-06,0.000284,0.0,0.123766,0.0,0.53507,2.023768,4.371774,0.009672,0.114661,0.000284,0.0,0.0,0.0,0.0,0.009394,0.0,0.0,0.0,0.0,0.0,0.0,0.0,0.0,0.0,4e-06,0.114379,0.686556,0.0,0.0,5e-05,0.0,0.229042,0.0,3.061324,0.0,0.513176,0.332043,0.114378,0.0,0.0,0.0,0.627001,1.267553,0.0,0.0,0.0,0.228754,0.000284,0.0,0.0,45.506588,0.0,0.0,0.636943,0.0,0.0,0.229034,1.708613,0.0,0.0,0.0,1.034628,1.482732,2.556044,0.0,0.0,0.0,0.0,3e-06,0.0,0.123769,0.0,0.114379,0.037842,0.0,0.0,0.018778,0.0,0.0,0.0,0.0,0.0,0.001415,0.228756,0.115518,0.000284,0.0,0.0,0.114379,0.0,0.02902,3.323762,0.009389,0.0,0.0,0.0,0.0,0.114379,0.0,0.0,0.000283,0.0,0.000286,0.001984,2.069279,0.0,0.0,0.0,0.000853,0.114379,-1e-06,3e-06,0.0,0.000291,0.0,3e-06,-1e-06,4.076786,7e-06
1896000,330,0.53696966,9,8,5,-13,8,0.0,0.0,0.811261,0.0,1.578675,0.0,0.0,6e-06,0.0,0.0,0.839015,1.563482,7.087409,0.0,1e-05,3.952962,6.27045,0.057272,1.983933,0.028634,0.014321,1.592985,1e-06,0.0,0.0,1.635525,2e-06,0.0,0.78174,0.015625,0.030747,0.28902,0.0,0.014318,4.779826,19.376785,0.014751,0.028637,0.0,0.0,0.000432,0.348861,0.52329,0.200453,0.0,3.301827,2.174863,1.564347,0.17443,0.0,0.085917,0.0,0.042959,61.032683,0.0,0.0,0.07159,0.014318,0.781741,0.0,21.946897,1.69278,1.455135,0.000432,0.042958,0.000432,0.0,0.174435,0.0,0.0,0.19005,0.0,0.0,0.014318,27.801413,0.000432,0.0,0.0,5e-06,0.0,5e-06,-2e-06,0.000457,0.0,0.0,0.0,0.289574,0.003892,0.0,9.371487,0.028636,0.0,0.985692,5e-06,0.0,0.244431,0.0,0.924999,0.028636,5e-06,0.0,0.014351,0.015179,0.0,0.014318,0.014318,17.728351,0.0,4.69088,0.014318,0.042956,0.0,0.043391,6.359372,9e-06,0.0,0.810382,0.797356,0.174431,1.683212,0.0,0.0,0.0,0.0,0.17443,0.0,1.577801,0.796929,0.0,1.221698,0.0,0.0,6.016824,1.5e-05,0.0,0.0,0.014318,0.854206,0.028638,0.288976,6.557678,0.0,0.0,0.0,0.000433,0.000466,3.17079,0.128922,1.563492,0.128862,0.000432,0.0,0.0,0.014318,4e-06,0.824696,0.0,0.0,0.959361,0.028637,4.002125,0.000433,0.0,0.0,4.90956,0.0,-1e-06,1.579097,0.782174,0.782611,0.0,0.0,0.014316,25.293566,3.4e-05
1900255,712,0.07098609,31,17,23,-40,17,0.127213,0.0,0.020782,0.0,0.147702,0.0,0.0,0.010391,0.126906,0.000314,0.539091,0.0,4.819117,0.000321,0.0,0.001572,0.011048,0.000314,0.010391,-2e-06,0.021103,0.504458,1e-06,0.0,0.286552,0.126586,0.010389,0.0,0.0,0.0,3.859459,1.421503,0.0,0.0,0.736193,0.0,0.126587,0.000635,3e-06,0.0,0.0,0.578344,0.127249,0.0,7e-06,0.0,17.6993,0.020782,0.0,4e-06,0.010392,0.0,0.010395,28.196885,0.0,0.0,0.567319,0.0,0.010709,0.0,0.380388,1.791934,4.523892,0.126599,0.010705,0.567319,0.0,4e-06,0.0,0.0,0.136988,0.0,0.0,0.0,0.000626,0.0,0.0,3e-06,0.0,0.0,4e-06,0.000317,0.012298,0.0,0.0,5e-05,0.0,0.020781,0.0,5.700915,0.0,0.126585,1.414178,7e-06,0.0,0.001256,0.0,0.136983,0.149589,0.0,0.0,0.0,0.020783,0.0,0.0,0.010394,29.244302,0.0,0.0,0.821125,0.0,0.0,0.56732,0.917672,0.0,0.0,0.0,0.37976,0.254744,1.181503,0.0,0.0,0.0,0.000631,4e-06,0.0,0.136978,0.000628,3e-06,0.506979,0.0,0.0,0.315831,0.0,0.0,0.0,0.0,0.0,0.041893,0.000941,0.04188,0.010394,3e-06,0.0,0.010391,0.0,1.975919,1.012781,0.126586,0.0,0.0,0.0,0.0,0.000314,0.0,0.0,0.0,0.0,0.010428,0.0,6.060493,0.000314,0.0,0.0,0.022386,0.010386,-1e-06,4e-06,0.0,0.001261,0.0,0.0,0.000321,4.680802,1.1e-05
1902058,713,0.061935026,32,17,24,-41,17,0.460232,0.0,0.016859,0.0,0.214081,0.0,0.0,0.102689,0.102696,3e-06,1.237223,0.0,4.299382,0.000515,0.0,0.042149,0.103223,0.008429,0.10269,-2e-06,0.008697,1.107942,1e-06,0.0,1.288292,0.460226,0.102692,0.0,0.0,0.0,5.576494,0.547186,0.0,0.0,0.634533,0.0,0.10269,0.016858,0.0,0.0,0.0,0.127988,0.119829,0.0,0.000512,0.0,21.905575,0.11112,0.0,3e-06,0.000253,0.0,0.000511,38.896001,0.0,0.0,0.10269,0.0,0.102947,0.0,0.665612,1.842637,3.768985,0.102694,0.016857,0.10269,0.0,3e-06,0.0,0.0,0.103456,0.0,0.0,0.0,4e-06,0.0,0.0,0.0,0.0,0.0,3e-06,0.008428,0.050841,0.0,0.0,4e-05,0.0,0.205382,0.0,5.591183,0.0,0.460225,1.240981,0.000254,0.0,1e-05,0.0,0.460735,0.257241,0.0,0.0,0.0,0.205375,0.0,0.0,0.000254,44.039199,0.0,0.0,0.665868,0.0,0.0,0.103197,1.997644,0.0,0.0,0.0,1.023396,0.954172,2.466776,0.0,0.0,0.0,6e-06,0.000254,0.0,0.205379,5e-06,0.000254,0.410773,0.0,0.0,0.206912,0.0,0.0,0.0,0.0,0.0,0.033726,0.016861,0.04215,0.008429,3e-06,0.0,0.102691,0.0,0.616652,2.967286,0.10269,0.0,0.0,0.0,0.0,0.00843,0.0,0.0,3e-06,0.0,0.00843,2e-05,6.121582,3e-06,0.0,0.0,0.016877,0.102695,-1e-06,3e-06,0.0,1.6e-05,0.0,0.0,9e-06,4.163677,6e-06
1902625,885,0.11338022,4,22,-7,-15,22,7.8e-05,0.0,0.0,0.0,0.105913,0.0,0.0,0.114194,0.0,0.0,3.968226,0.0,25.099219,0.000243,0.0,0.438649,0.016313,0.032886,0.0,0.227885,0.017295,0.001458,0.113946,0.0,0.105926,0.0,0.009004,0.0,0.098118,0.0,34.322897,0.480028,0.0,0.0,4.560277,0.438643,0.097874,0.001213,0.0,0.0,0.0,0.008305,1.6e-05,0.008034,0.008034,0.0,22.397744,0.000243,0.438661,3e-06,0.0,0.0,0.438888,37.091089,0.0,0.0,0.0,0.0,0.0034,0.016071,0.462747,3.526427,7.869644,0.438889,0.301661,0.0,0.0,6e-06,0.0,0.0,0.008763,5e-06,0.0,5e-06,0.438645,0.097874,0.0,0.0,0.0,0.008042,0.0,0.000972,0.09789,0.0,0.000243,1.786719,1.414536,0.0,0.000245,26.298924,0.008034,0.0,0.975647,0.032136,0.0,2e-06,0.0,0.008276,2.074483,0.0,0.0,0.000242,0.09909,0.0,3e-06,0.0,48.035169,0.0,0.0,0.121979,0.0,0.000728,1.098353,3.436673,0.438642,0.000245,0.000484,0.001943,0.0,2.857386,0.0,0.438646,0.097874,0.0,0.008519,0.0,0.455439,0.0,0.0,0.462745,0.016074,0.0,1e-06,0.0,0.002184,0.0,0.0,0.001458,0.455448,0.016318,0.438889,0.0,0.0,0.438642,0.0,0.0,1.41478,2.655072,0.097874,0.000488,0.0,0.0,0.0,0.008034,0.0,0.0,0.097874,0.0,0.218385,0.455438,7.18331,0.0,0.0,0.258793,0.025075,0.197209,-1e-06,0.0,0.0,0.878255,0.000485,0.87874,0.008275,7.640189,0.0
